--
-- PostgreSQL database dump
--

-- Dumped from database version 15.12 (Homebrew)
-- Dumped by pg_dump version 15.12 (Homebrew)

SET statement_timeout = 0;
SET lock_timeout = 0;
SET idle_in_transaction_session_timeout = 0;
SET client_encoding = 'UTF8';
SET standard_conforming_strings = on;
SELECT pg_catalog.set_config('search_path', '', false);
SET check_function_bodies = false;
SET xmloption = content;
SET client_min_messages = warning;
SET row_security = off;

SET default_tablespace = '';

SET default_table_access_method = heap;

--
-- Name: auth_group; Type: TABLE; Schema: public; Owner: rocky07
--

CREATE TABLE public.auth_group (
    id integer NOT NULL,
    name character varying(150) NOT NULL
);


ALTER TABLE public.auth_group OWNER TO rocky07;

--
-- Name: auth_group_id_seq; Type: SEQUENCE; Schema: public; Owner: rocky07
--

ALTER TABLE public.auth_group ALTER COLUMN id ADD GENERATED BY DEFAULT AS IDENTITY (
    SEQUENCE NAME public.auth_group_id_seq
    START WITH 1
    INCREMENT BY 1
    NO MINVALUE
    NO MAXVALUE
    CACHE 1
);


--
-- Name: auth_group_permissions; Type: TABLE; Schema: public; Owner: rocky07
--

CREATE TABLE public.auth_group_permissions (
    id bigint NOT NULL,
    group_id integer NOT NULL,
    permission_id integer NOT NULL
);


ALTER TABLE public.auth_group_permissions OWNER TO rocky07;

--
-- Name: auth_group_permissions_id_seq; Type: SEQUENCE; Schema: public; Owner: rocky07
--

ALTER TABLE public.auth_group_permissions ALTER COLUMN id ADD GENERATED BY DEFAULT AS IDENTITY (
    SEQUENCE NAME public.auth_group_permissions_id_seq
    START WITH 1
    INCREMENT BY 1
    NO MINVALUE
    NO MAXVALUE
    CACHE 1
);


--
-- Name: auth_permission; Type: TABLE; Schema: public; Owner: rocky07
--

CREATE TABLE public.auth_permission (
    id integer NOT NULL,
    name character varying(255) NOT NULL,
    content_type_id integer NOT NULL,
    codename character varying(100) NOT NULL
);


ALTER TABLE public.auth_permission OWNER TO rocky07;

--
-- Name: auth_permission_id_seq; Type: SEQUENCE; Schema: public; Owner: rocky07
--

ALTER TABLE public.auth_permission ALTER COLUMN id ADD GENERATED BY DEFAULT AS IDENTITY (
    SEQUENCE NAME public.auth_permission_id_seq
    START WITH 1
    INCREMENT BY 1
    NO MINVALUE
    NO MAXVALUE
    CACHE 1
);


--
-- Name: core_staffprofile; Type: TABLE; Schema: public; Owner: rocky07
--

CREATE TABLE public.core_staffprofile (
    id bigint NOT NULL,
    gender character varying(10) NOT NULL,
    phone_number character varying(10) NOT NULL,
    join_date date NOT NULL,
    department character varying(50) NOT NULL,
    user_id bigint NOT NULL,
    designation character varying(50) NOT NULL
);


ALTER TABLE public.core_staffprofile OWNER TO rocky07;

--
-- Name: core_staffprofile_id_seq; Type: SEQUENCE; Schema: public; Owner: rocky07
--

ALTER TABLE public.core_staffprofile ALTER COLUMN id ADD GENERATED BY DEFAULT AS IDENTITY (
    SEQUENCE NAME public.core_staffprofile_id_seq
    START WITH 1
    INCREMENT BY 1
    NO MINVALUE
    NO MAXVALUE
    CACHE 1
);


--
-- Name: core_studentprofile; Type: TABLE; Schema: public; Owner: rocky07
--

CREATE TABLE public.core_studentprofile (
    id bigint NOT NULL,
    roll_number character varying(20) NOT NULL,
    caste character varying(10) NOT NULL,
    gender character varying(10) NOT NULL,
    phone_number character varying(15) NOT NULL,
    course character varying(100) NOT NULL,
    course_duration character varying(10) NOT NULL,
    user_id bigint NOT NULL,
    is_hostel boolean NOT NULL,
    year_of_study character varying(10) NOT NULL
);


ALTER TABLE public.core_studentprofile OWNER TO rocky07;

--
-- Name: core_studentprofile_id_seq; Type: SEQUENCE; Schema: public; Owner: rocky07
--

ALTER TABLE public.core_studentprofile ALTER COLUMN id ADD GENERATED BY DEFAULT AS IDENTITY (
    SEQUENCE NAME public.core_studentprofile_id_seq
    START WITH 1
    INCREMENT BY 1
    NO MINVALUE
    NO MAXVALUE
    CACHE 1
);


--
-- Name: core_user; Type: TABLE; Schema: public; Owner: rocky07
--

CREATE TABLE public.core_user (
    id bigint NOT NULL,
    password character varying(128) NOT NULL,
    last_login timestamp with time zone,
    is_superuser boolean NOT NULL,
    first_name character varying(150) NOT NULL,
    last_name character varying(150) NOT NULL,
    is_staff boolean NOT NULL,
    is_active boolean NOT NULL,
    date_joined timestamp with time zone NOT NULL,
    email character varying(254),
    roll_number character varying(20),
    is_student boolean NOT NULL,
    username character varying(150) NOT NULL
);


ALTER TABLE public.core_user OWNER TO rocky07;

--
-- Name: core_user_groups; Type: TABLE; Schema: public; Owner: rocky07
--

CREATE TABLE public.core_user_groups (
    id bigint NOT NULL,
    user_id bigint NOT NULL,
    group_id integer NOT NULL
);


ALTER TABLE public.core_user_groups OWNER TO rocky07;

--
-- Name: core_user_groups_id_seq; Type: SEQUENCE; Schema: public; Owner: rocky07
--

ALTER TABLE public.core_user_groups ALTER COLUMN id ADD GENERATED BY DEFAULT AS IDENTITY (
    SEQUENCE NAME public.core_user_groups_id_seq
    START WITH 1
    INCREMENT BY 1
    NO MINVALUE
    NO MAXVALUE
    CACHE 1
);


--
-- Name: core_user_id_seq; Type: SEQUENCE; Schema: public; Owner: rocky07
--

ALTER TABLE public.core_user ALTER COLUMN id ADD GENERATED BY DEFAULT AS IDENTITY (
    SEQUENCE NAME public.core_user_id_seq
    START WITH 1
    INCREMENT BY 1
    NO MINVALUE
    NO MAXVALUE
    CACHE 1
);


--
-- Name: core_user_user_permissions; Type: TABLE; Schema: public; Owner: rocky07
--

CREATE TABLE public.core_user_user_permissions (
    id bigint NOT NULL,
    user_id bigint NOT NULL,
    permission_id integer NOT NULL
);


ALTER TABLE public.core_user_user_permissions OWNER TO rocky07;

--
-- Name: core_user_user_permissions_id_seq; Type: SEQUENCE; Schema: public; Owner: rocky07
--

ALTER TABLE public.core_user_user_permissions ALTER COLUMN id ADD GENERATED BY DEFAULT AS IDENTITY (
    SEQUENCE NAME public.core_user_user_permissions_id_seq
    START WITH 1
    INCREMENT BY 1
    NO MINVALUE
    NO MAXVALUE
    CACHE 1
);


--
-- Name: django_admin_log; Type: TABLE; Schema: public; Owner: rocky07
--

CREATE TABLE public.django_admin_log (
    id integer NOT NULL,
    action_time timestamp with time zone NOT NULL,
    object_id text,
    object_repr character varying(200) NOT NULL,
    action_flag smallint NOT NULL,
    change_message text NOT NULL,
    content_type_id integer,
    user_id bigint NOT NULL,
    CONSTRAINT django_admin_log_action_flag_check CHECK ((action_flag >= 0))
);


ALTER TABLE public.django_admin_log OWNER TO rocky07;

--
-- Name: django_admin_log_id_seq; Type: SEQUENCE; Schema: public; Owner: rocky07
--

ALTER TABLE public.django_admin_log ALTER COLUMN id ADD GENERATED BY DEFAULT AS IDENTITY (
    SEQUENCE NAME public.django_admin_log_id_seq
    START WITH 1
    INCREMENT BY 1
    NO MINVALUE
    NO MAXVALUE
    CACHE 1
);


--
-- Name: django_content_type; Type: TABLE; Schema: public; Owner: rocky07
--

CREATE TABLE public.django_content_type (
    id integer NOT NULL,
    app_label character varying(100) NOT NULL,
    model character varying(100) NOT NULL
);


ALTER TABLE public.django_content_type OWNER TO rocky07;

--
-- Name: django_content_type_id_seq; Type: SEQUENCE; Schema: public; Owner: rocky07
--

ALTER TABLE public.django_content_type ALTER COLUMN id ADD GENERATED BY DEFAULT AS IDENTITY (
    SEQUENCE NAME public.django_content_type_id_seq
    START WITH 1
    INCREMENT BY 1
    NO MINVALUE
    NO MAXVALUE
    CACHE 1
);


--
-- Name: django_migrations; Type: TABLE; Schema: public; Owner: rocky07
--

CREATE TABLE public.django_migrations (
    id bigint NOT NULL,
    app character varying(255) NOT NULL,
    name character varying(255) NOT NULL,
    applied timestamp with time zone NOT NULL
);


ALTER TABLE public.django_migrations OWNER TO rocky07;

--
-- Name: django_migrations_id_seq; Type: SEQUENCE; Schema: public; Owner: rocky07
--

ALTER TABLE public.django_migrations ALTER COLUMN id ADD GENERATED BY DEFAULT AS IDENTITY (
    SEQUENCE NAME public.django_migrations_id_seq
    START WITH 1
    INCREMENT BY 1
    NO MINVALUE
    NO MAXVALUE
    CACHE 1
);


--
-- Name: django_session; Type: TABLE; Schema: public; Owner: rocky07
--

CREATE TABLE public.django_session (
    session_key character varying(40) NOT NULL,
    session_data text NOT NULL,
    expire_date timestamp with time zone NOT NULL
);


ALTER TABLE public.django_session OWNER TO rocky07;

--
-- Name: dues_academic; Type: TABLE; Schema: public; Owner: rocky07
--

CREATE TABLE public.dues_academic (
    id bigint NOT NULL,
    paid_by_govt integer NOT NULL,
    paid_by_student integer NOT NULL,
    payment_status character varying(20) NOT NULL,
    remarks text,
    student_id bigint NOT NULL,
    academic_year_label character varying(2) NOT NULL,
    fee_structure_id bigint
);


ALTER TABLE public.dues_academic OWNER TO rocky07;

--
-- Name: dues_academicdues_id_seq; Type: SEQUENCE; Schema: public; Owner: rocky07
--

ALTER TABLE public.dues_academic ALTER COLUMN id ADD GENERATED BY DEFAULT AS IDENTITY (
    SEQUENCE NAME public.dues_academicdues_id_seq
    START WITH 1
    INCREMENT BY 1
    NO MINVALUE
    NO MAXVALUE
    CACHE 1
);


--
-- Name: dues_feestructure; Type: TABLE; Schema: public; Owner: rocky07
--

CREATE TABLE public.dues_feestructure (
    id bigint NOT NULL,
    course_name character varying(100) NOT NULL,
    academic_year character varying(10) NOT NULL,
    category character varying(50) NOT NULL,
    tuition_fee integer NOT NULL,
    special_fee integer,
    other_fee integer,
    exam_fee integer
);


ALTER TABLE public.dues_feestructure OWNER TO rocky07;

--
-- Name: dues_feestructure_id_seq; Type: SEQUENCE; Schema: public; Owner: rocky07
--

ALTER TABLE public.dues_feestructure ALTER COLUMN id ADD GENERATED BY DEFAULT AS IDENTITY (
    SEQUENCE NAME public.dues_feestructure_id_seq
    START WITH 1
    INCREMENT BY 1
    NO MINVALUE
    NO MAXVALUE
    CACHE 1
);


--
-- Name: dues_hosteldues; Type: TABLE; Schema: public; Owner: rocky07
--

CREATE TABLE public.dues_hosteldues (
    id bigint NOT NULL,
    year_of_study character varying(1) NOT NULL,
    mess_bill integer NOT NULL,
    scholarship integer NOT NULL,
    deposit integer NOT NULL,
    remarks text,
    student_id bigint NOT NULL
);


ALTER TABLE public.dues_hosteldues OWNER TO rocky07;

--
-- Name: dues_hosteldues_id_seq; Type: SEQUENCE; Schema: public; Owner: rocky07
--

ALTER TABLE public.dues_hosteldues ALTER COLUMN id ADD GENERATED BY DEFAULT AS IDENTITY (
    SEQUENCE NAME public.dues_hosteldues_id_seq
    START WITH 1
    INCREMENT BY 1
    NO MINVALUE
    NO MAXVALUE
    CACHE 1
);


--
-- Name: dues_otherdue; Type: TABLE; Schema: public; Owner: rocky07
--

CREATE TABLE public.dues_otherdue (
    id bigint NOT NULL,
    category character varying(20) NOT NULL,
    amount numeric(10,2) NOT NULL,
    remark text,
    created_at timestamp with time zone NOT NULL,
    updated_at timestamp with time zone NOT NULL,
    created_by_id bigint,
    student_id bigint
);


ALTER TABLE public.dues_otherdue OWNER TO rocky07;

--
-- Name: dues_otherdue_id_seq; Type: SEQUENCE; Schema: public; Owner: rocky07
--

ALTER TABLE public.dues_otherdue ALTER COLUMN id ADD GENERATED BY DEFAULT AS IDENTITY (
    SEQUENCE NAME public.dues_otherdue_id_seq
    START WITH 1
    INCREMENT BY 1
    NO MINVALUE
    NO MAXVALUE
    CACHE 1
);


--
-- Data for Name: auth_group; Type: TABLE DATA; Schema: public; Owner: rocky07
--

COPY public.auth_group (id, name) FROM stdin;
\.


--
-- Data for Name: auth_group_permissions; Type: TABLE DATA; Schema: public; Owner: rocky07
--

COPY public.auth_group_permissions (id, group_id, permission_id) FROM stdin;
\.


--
-- Data for Name: auth_permission; Type: TABLE DATA; Schema: public; Owner: rocky07
--

COPY public.auth_permission (id, name, content_type_id, codename) FROM stdin;
1	Can add log entry	1	add_logentry
2	Can change log entry	1	change_logentry
3	Can delete log entry	1	delete_logentry
4	Can view log entry	1	view_logentry
5	Can add permission	2	add_permission
6	Can change permission	2	change_permission
7	Can delete permission	2	delete_permission
8	Can view permission	2	view_permission
9	Can add group	3	add_group
10	Can change group	3	change_group
11	Can delete group	3	delete_group
12	Can view group	3	view_group
13	Can add content type	4	add_contenttype
14	Can change content type	4	change_contenttype
15	Can delete content type	4	delete_contenttype
16	Can view content type	4	view_contenttype
17	Can add session	5	add_session
18	Can change session	5	change_session
19	Can delete session	5	delete_session
20	Can view session	5	view_session
21	Can add user	6	add_user
22	Can change user	6	change_user
23	Can delete user	6	delete_user
24	Can view user	6	view_user
25	Can add department	7	add_department
26	Can change department	7	change_department
27	Can delete department	7	delete_department
28	Can view department	7	view_department
29	Can add staff profile	8	add_staffprofile
30	Can change staff profile	8	change_staffprofile
31	Can delete staff profile	8	delete_staffprofile
32	Can view staff profile	8	view_staffprofile
33	Can add student profile	9	add_studentprofile
34	Can change student profile	9	change_studentprofile
35	Can delete student profile	9	delete_studentprofile
36	Can view student profile	9	view_studentprofile
37	Can add fee structure	10	add_feestructure
38	Can change fee structure	10	change_feestructure
39	Can delete fee structure	10	delete_feestructure
40	Can view fee structure	10	view_feestructure
41	Can add academic dues	11	add_academicdues
42	Can change academic dues	11	change_academicdues
43	Can delete academic dues	11	delete_academicdues
44	Can view academic dues	11	view_academicdues
45	Can add dues	12	add_dues
46	Can change dues	12	change_dues
47	Can delete dues	12	delete_dues
48	Can view dues	12	view_dues
49	Can add academic	11	add_academic
50	Can change academic	11	change_academic
51	Can delete academic	11	delete_academic
52	Can view academic	11	view_academic
53	Can add hostel dues	13	add_hosteldues
54	Can change hostel dues	13	change_hosteldues
55	Can delete hostel dues	13	delete_hosteldues
56	Can view hostel dues	13	view_hosteldues
57	Can add department due	14	add_departmentdue
58	Can change department due	14	change_departmentdue
59	Can delete department due	14	delete_departmentdue
60	Can view department due	14	view_departmentdue
61	Can add challan	15	add_challan
62	Can change challan	15	change_challan
63	Can delete challan	15	delete_challan
64	Can view challan	15	view_challan
65	Can add other due	16	add_otherdue
66	Can change other due	16	change_otherdue
67	Can delete other due	16	delete_otherdue
68	Can view other due	16	view_otherdue
\.


--
-- Data for Name: core_staffprofile; Type: TABLE DATA; Schema: public; Owner: rocky07
--

COPY public.core_staffprofile (id, gender, phone_number, join_date, department, user_id, designation) FROM stdin;
1	Male	9848012345	2025-05-29	accounts	49	
2	Female	9701234567	2025-05-29	hostel_superintendent	50	
3	Female	9490312345	2025-05-29	librarian	51	
4	Male	9912345678	2025-05-29	lab_incharge	52	
5	Female	9030123456	2025-05-29	sports_incharge	53	
6	Male	9876543210	2025-07-04	accounts	55	Principal
\.


--
-- Data for Name: core_studentprofile; Type: TABLE DATA; Schema: public; Owner: rocky07
--

COPY public.core_studentprofile (id, roll_number, caste, gender, phone_number, course, course_duration, user_id, is_hostel, year_of_study) FROM stdin;
1	505522423003	SC	Other	9866526812	M.Com. (e-Commerce)	2 Years	1	f	2 Years
2	505522423004	BC-B	Other	7207537905	M.Com. (e-Commerce)	2 Years	2	f	2 Years
3	505522423005	BC-E	Other	9392578251	M.Com. (e-Commerce)	2 Years	3	f	2 Years
4	505522423006	SC	Other	8522870487	M.Com. (e-Commerce)	2 Years	4	f	2 Years
5	505522423007	BC-B	Other	9553845855	M.Com. (e-Commerce)	2 Years	5	f	2 Years
6	505522423008	SC	Other	9390289140	M.Com. (e-Commerce)	2 Years	6	f	2 Years
7	505522423011	BC-A	Other	7993496526	M.Com. (e-Commerce)	2 Years	7	f	2 Years
8	505522423012	ST	Other	6281945866	M.Com. (e-Commerce)	2 Years	8	f	2 Years
9	505522423013	BC-B	Other	9948271839	M.Com. (e-Commerce)	2 Years	9	f	2 Years
10	505522423014	BC-D	Other	8522004244	M.Com. (e-Commerce)	2 Years	10	f	2 Years
11	505522423015	ST	Other	7993473452	M.Com. (e-Commerce)	2 Years	11	f	2 Years
12	505522423016	Other	Other	8177824359	M.Com. (e-Commerce)	2 Years	12	f	2 Years
13	505522423018	BC-B	Other	8639046539	M.Com. (e-Commerce)	2 Years	13	f	2 Years
14	505522423019	BC-D	Other	7036487563	M.Com. (e-Commerce)	2 Years	14	f	2 Years
15	505522423020	BC-E	Other	9908118456	M.Com. (e-Commerce)	2 Years	15	f	2 Years
16	505522423021	SC	Other	8978067534	M.Com. (e-Commerce)	2 Years	16	f	2 Years
17	505522423022	BC-B	Other	6300021507	M.Com. (e-Commerce)	2 Years	17	f	2 Years
18	505522423023	SC	Other	8341453000	M.Com. (e-Commerce)	2 Years	18	f	2 Years
19	505522423024	BC-B	Other	9527406904	M.Com. (e-Commerce)	2 Years	19	f	2 Years
20	505522423025	BC-B	Other	9912393078	M.Com. (e-Commerce)	2 Years	20	f	2 Years
21	505522423026	BC-B	Other	8185060355	M.Com. (e-Commerce)	2 Years	21	f	2 Years
22	505522423027	BC-D	Other	7095902413	M.Com. (e-Commerce)	2 Years	22	f	2 Years
23	505522423028	BC-A	Other	7842237814	M.Com. (e-Commerce)	2 Years	23	f	2 Years
24	505522423029	SC	Other	7893102076	M.Com. (e-Commerce)	2 Years	24	f	2 Years
25	505522423030	ST	Other	9392450167	M.Com. (e-Commerce)	2 Years	25	f	2 Years
26	505522423031	SC	Other	6301704714	M.Com. (e-Commerce)	2 Years	26	f	2 Years
27	505522423032	SC	Other	7207034815	M.Com. (e-Commerce)	2 Years	27	f	2 Years
28	505522423033	Other	Other	8187854948	M.Com. (e-Commerce)	2 Years	28	f	2 Years
29	505522423034	SC	Other	9391971005	M.Com. (e-Commerce)	2 Years	29	f	2 Years
30	505522423035	SC	Other	8555807294	M.Com. (e-Commerce)	2 Years	30	f	2 Years
31	505522423036	ST	Other	7731068931	M.Com. (e-Commerce)	2 Years	31	f	2 Years
32	505522423037	ST	Other	9059877821	M.Com. (e-Commerce)	2 Years	32	f	2 Years
33	505522423038	BC-D	Other	9392870362	M.Com. (e-Commerce)	2 Years	33	f	2 Years
34	505522423040	SC	Other	9381368190	M.Com. (e-Commerce)	2 Years	34	f	2 Years
35	505522423041	BC-B	Other	6304471657	M.Com. (e-Commerce)	2 Years	35	f	2 Years
36	505522423043	ST	Other	9014963046	M.Com. (e-Commerce)	2 Years	36	f	2 Years
37	505522423044	BC-B	Other	8886916260	M.Com. (e-Commerce)	2 Years	37	f	2 Years
38	505522423046	Other	Other	9676031362	M.Com. (e-Commerce)	2 Years	38	f	2 Years
39	505522423047	BC-B	Other	6303526071	M.Com. (e-Commerce)	2 Years	39	f	2 Years
40	505522423049	ST	Other	9515428305	M.Com. (e-Commerce)	2 Years	40	f	2 Years
41	505522423050	ST	Other	7780339549	M.Com. (e-Commerce)	2 Years	41	f	2 Years
42	505522423051	ST	Other	8341275184	M.Com. (e-Commerce)	2 Years	42	f	2 Years
43	505522423052	SC	Other	9347341335	M.Com. (e-Commerce)	2 Years	43	f	2 Years
44	505522423053	ST	Other	9346776986	M.Com. (e-Commerce)	2 Years	44	f	2 Years
45	505522423054	SC	Other	9052295611	M.Com. (e-Commerce)	2 Years	45	f	2 Years
46	505522423055	SC	Other	7658737642	M.Com. (e-Commerce)	2 Years	46	f	2 Years
47	505522423056	SC	Other	7658737690	M.Com. (e-Commerce)	2 Years	47	f	2 Years
48	505522423057	BC-D	Other	7658737658	M.Com. (e-Commerce)	2 Years	48	f	2 Years
\.


--
-- Data for Name: core_user; Type: TABLE DATA; Schema: public; Owner: rocky07
--

COPY public.core_user (id, password, last_login, is_superuser, first_name, last_name, is_staff, is_active, date_joined, email, roll_number, is_student, username) FROM stdin;
50	pbkdf2_sha256$1000000$BF7kbXPcVtTEaugcsxUBrs$Av0z9lRlV6BpqFR+Qn6/bZL5P6hOo/chcyW/P332osM=	\N	f	Padmaja	Krishnaveni	t	t	2025-05-29 15:00:49.506713+05:30	hostel@tu.in	\N	f	hostel@tu.in
51	pbkdf2_sha256$1000000$ZHfQcvh7E6FxAOVLkWSlL1$cZIvIlHamlGOxVlqBWf/jydGDypDa58RaKBpw1NweEo=	\N	f	Anvitha	Latha	t	t	2025-05-29 15:00:50.08489+05:30	library@tu.in	\N	f	library@tu.in
52	pbkdf2_sha256$1000000$Plnck0Y9nFWjTD7sl9Vnyk$/oUcpv+A7xgZnStmhZLP5xlyrrZJ/9AmxTj0/azKHCs=	\N	f	Madhav	Rajashekar	t	t	2025-05-29 15:00:50.567891+05:30	lab@tu.in	\N	f	lab@tu.in
53	pbkdf2_sha256$1000000$54fcLaTChTTzZfMciRCxnF$a0TDEDoFJFMFTmmp2t9MIal8125lZM0STV7Jd+k0+x8=	\N	f	Shailaja	Hanumantharao	t	t	2025-05-29 15:00:50.975829+05:30	sports@tu.in	\N	f	sports@tu.in
1	pbkdf2_sha256$1000000$Xtdt5MwACym45bGVtGFKwq$rJifTlSYWAhGJ8PYtIK/kEAwNR9oGjsBVQvxyf0zwX4=	\N	f	BEGARI SHIVANI		f	t	2025-05-28 12:16:04.341489+05:30	\N	505522423003	t	505522423003
2	pbkdf2_sha256$1000000$QBln62J9PFGq5QyFSqP7pI$590oFYzgdJl5EcYUKXkhTXf2IofAdkhKNWYb+VeDems=	\N	f	GADDAM SANDHYARANI		f	t	2025-05-28 12:16:04.359489+05:30	\N	505522423004	t	505522423004
3	pbkdf2_sha256$1000000$EkMPyVvQSXzWohwg5Rr5gD$FaG2dK0yw8WmHmuJGSMb1cducVQCaQzSCaWltLOgYuo=	\N	f	RUHEENA		f	t	2025-05-28 12:16:04.362663+05:30	\N	505522423005	t	505522423005
4	pbkdf2_sha256$1000000$LMvZ83rUJO11ypP8qs7Jp8$DbeZOwT1K4OmlQvY/uBg5oasEkvzB5Z2u7Nb87oOE/M=	\N	f	LINGAMPELLY POOJITHA		f	t	2025-05-28 12:16:04.365778+05:30	\N	505522423006	t	505522423006
5	pbkdf2_sha256$1000000$UDrSItC5THzcJMonTxQDEZ$cj9oCRbZqK5VN0zZ3kFcPRVdvRt/ubf7M+8IyZFo6NY=	\N	f	SHIVARATRI ASHWINI		f	t	2025-05-28 12:16:04.368856+05:30	\N	505522423007	t	505522423007
6	pbkdf2_sha256$1000000$AKf93SwWdmWrqZBBPdntyV$ZxMcJ3UfDbwK6iU5zpViT7/8CBD+PR5B1MYumkb7928=	\N	f	JANNU HARSHAVARDHAN		f	t	2025-05-28 12:16:04.371104+05:30	\N	505522423008	t	505522423008
7	pbkdf2_sha256$1000000$AYED7XOEUPm5h85T2QEgmQ$FJYUb88m6fP19vjc/cskTpAwJxNa4vdn6sCwc+ZMk5g=	\N	f	KANCHARI SHARADHA		f	t	2025-05-28 12:16:04.373658+05:30	\N	505522423011	t	505522423011
8	pbkdf2_sha256$1000000$6Qi3GnxSypmpadyD7B4ac1$yoIoGyXhdOtfbWSs0wQTZ/ziyW1dbGhXUmNLcZ8owSI=	\N	f	RUDAVATH SOUJANYA		f	t	2025-05-28 12:16:04.377168+05:30	\N	505522423012	t	505522423012
9	pbkdf2_sha256$1000000$CjAAmUddpv9t6ZySgdjHmW$9FoCVWS/Pfv+sZkN3LDy2kbwrOC70nuO+zM1EMrVWg0=	\N	f	VEMUNURI VAMSHI		f	t	2025-05-28 12:16:04.379292+05:30	\N	505522423013	t	505522423013
10	pbkdf2_sha256$1000000$eD4tMuK8MLO5EsEqAHr0pq$VYo44lybAB7K2Bi5D90DfX5ZcuhFM0bU0lAH83rGJRY=	\N	f	BOJJA SRINIVAS		f	t	2025-05-28 12:16:04.381396+05:30	\N	505522423014	t	505522423014
11	pbkdf2_sha256$1000000$8kCDEnleUSjfzyZ3qjUfXF$rg5TEQVEacdIYrnHS0cUlJ8wwOAXgah24l5T28iYGSU=	\N	f	JADHAV PRAVEENKUMAR		f	t	2025-05-28 12:16:04.387613+05:30	\N	505522423015	t	505522423015
12	pbkdf2_sha256$1000000$1yF86WfXQUwigbHvS5zfCt$wOGWPlisVZFVcbg9qk7YQs4/+00Zi2egTkEqHNtmtAM=	\N	f	KANGLA SONAL VIJAY		f	t	2025-05-28 12:16:04.391367+05:30	\N	505522423016	t	505522423016
13	pbkdf2_sha256$1000000$8IfxI8Y0QqMMAjHLuRRDXO$B0SjW9Gn+NDRK/TIxzRshdgQ/HuGxCGrQPDPqy+shg0=	\N	f	KANCHARI LAXMIPRASANNA		f	t	2025-05-28 12:16:04.397798+05:30	\N	505522423018	t	505522423018
14	pbkdf2_sha256$1000000$0XKRmrvSfaTkFK3OecY3qs$T5vQPOGwNWFLR2pW3BzeN//xh7W7fyptqivxhl/L3kY=	\N	f	DARVADI NARMADA		f	t	2025-05-28 12:16:04.402159+05:30	\N	505522423019	t	505522423019
15	pbkdf2_sha256$1000000$ys4rHPWBIneKrEAwKLglMX$9AKgua1QgS788rXMjZ2/8BGtigYEQ22WBcYFGUeUWsY=	\N	f	SHAIK SADAF		f	t	2025-05-28 12:16:04.404561+05:30	\N	505522423020	t	505522423020
16	pbkdf2_sha256$1000000$5HtI0aNwkwzqPUsk5iGwzE$QEXtOD8qLw3bVucTOGAfwcXDoXRPIur2rud7LcYs/qM=	\N	f	VANANJE VIJAYA LAXMI		f	t	2025-05-28 12:16:04.407579+05:30	\N	505522423021	t	505522423021
17	pbkdf2_sha256$1000000$t2AcFjcJaueCeofkLYJ6Ha$aYzrF47/H+e5Pxk3DXec/cyrMgZ8i9CsDam+U4gxfUw=	\N	f	MERADIKONDA SUMASRI		f	t	2025-05-28 12:16:04.410347+05:30	\N	505522423022	t	505522423022
18	pbkdf2_sha256$1000000$976lykjC1sCjPhT1IZv3Yp$h2A5GVJx/xxw2t9435GBGey/rHyRNcI2EGo6bdJud8A=	\N	f	GUDURI SAIRHUTHVIK		f	t	2025-05-28 12:16:04.412795+05:30	\N	505522423023	t	505522423023
19	pbkdf2_sha256$1000000$iTbfD2OebNqPiOSIc5S5Q3$32u4QYXwjW72xMYOOF1+KE0u1IdDee8g05z4Sz8Caj4=	\N	f	JADHAV ANITHA		f	t	2025-05-28 12:16:04.414923+05:30	\N	505522423024	t	505522423024
20	pbkdf2_sha256$1000000$IouPTiNabrWkSgDUA9emMV$IDalAoEeUaIFGW6+kH0T7D7l3d8ssQfRZ73iSmK2Poo=	\N	f	DANDI LAXMI		f	t	2025-05-28 12:16:04.41736+05:30	\N	505522423025	t	505522423025
22	pbkdf2_sha256$1000000$NwG8kok8tQslXtQuQtjRKl$2kVozi+HVHR7Ixo8nLJWCZm2Zc71563NUB/qJ8uPR4c=	\N	f	ARMOORU DIVYA		f	t	2025-05-28 12:16:04.421911+05:30	\N	505522423027	t	505522423027
24	pbkdf2_sha256$1000000$nnYDJ8hDXq52S9Bn3aij6z$Nzjl91fF7mu9P9CkqxA8YHbjoBaqFWvvaVX7d6TSVA4=	\N	f	DUGUTA SRIVANI		f	t	2025-05-28 12:16:04.425691+05:30	\N	505522423029	t	505522423029
26	pbkdf2_sha256$1000000$RV2GiXqoHHiqhRBSH03ddJ$F2z3sDmMQ3YF6aYfSqWiWoaC8xL9j8yreEGfFeEhqHY=	\N	f	SINDE POOJA		f	t	2025-05-28 12:16:04.429517+05:30	\N	505522423031	t	505522423031
28	pbkdf2_sha256$1000000$0aGCFZvVeeffrNmLHDMl39$J7qGGmacjQQBgDdA56y+8oPTpvBNpRHfnK8xJJnfmRk=	\N	f	THAKKURI DINESH		f	t	2025-05-28 12:16:04.434499+05:30	\N	505522423033	t	505522423033
29	pbkdf2_sha256$1000000$64eQqoc2xFj4tDZSyh8ZRA$1QGI+mdXjaBJ+ejOIZY9JKLY7hNeVg/39mUqicpD9iU=	\N	f	KOLA MANEESHA		f	t	2025-05-28 12:16:04.436988+05:30	\N	505522423034	t	505522423034
31	pbkdf2_sha256$1000000$SBTPpcqORnW7AHxhwiABWK$cwvWEVKvtBv1KRm9ZKcJMPx2yPHJRsAp/sWBDtLTwsg=	\N	f	JATROTH GOPAL		f	t	2025-05-28 12:16:04.440932+05:30	\N	505522423036	t	505522423036
33	pbkdf2_sha256$1000000$oNZM5g4n7ctDYPdmFaBckv$kawnkdtC9IjX2JCb0/kwsKhVEjx66pp1KbB7oQ5Gy3k=	\N	f	MUDUGULA GANGARANI		f	t	2025-05-28 12:16:04.444401+05:30	\N	505522423038	t	505522423038
35	pbkdf2_sha256$1000000$IG0bSPsf4IVYphRk2QDg0y$p33qLTQyAPCabXjD4SczDvQ/d3CA1paT5XWmwZeCA4Q=	\N	f	KOLANURI SAIKUMAR		f	t	2025-05-28 12:16:04.449069+05:30	\N	505522423041	t	505522423041
37	pbkdf2_sha256$1000000$1TW1ERYCWZW10qHSJfEfXh$9waZ8h2FuC9wpGUmPH3V/2g/+gdH8UjBR7nefvMy4l4=	\N	f	KURMA SRIKANTH		f	t	2025-05-28 12:16:04.45279+05:30	\N	505522423044	t	505522423044
39	pbkdf2_sha256$1000000$Uyb9nLciAGgL3nTMaOe0AN$iXskRmsS1EQB07Vc1volzJb5O7kdmvrvPyfsHkEjZQE=	\N	f	NAKKA DIVYA		f	t	2025-05-28 12:16:04.456637+05:30	\N	505522423047	t	505522423047
41	pbkdf2_sha256$1000000$xcGve4soPxepgXb4hQ32So$Dw0cib3ozMCiPBSLwYjzCjhZEj80/UUXiZi6MaAXNYA=	\N	f	JADHAV SONALI		f	t	2025-05-28 12:16:04.459333+05:30	\N	505522423050	t	505522423050
43	pbkdf2_sha256$1000000$5U0rJGbe8FppA8hoQ3LgVU$bRi5aO0MugLXwIj8jXR5OAkYSXDwvgS8mGAsja683+8=	\N	f	MARA CHARAN		f	t	2025-05-28 12:16:04.463315+05:30	\N	505522423052	t	505522423052
45	pbkdf2_sha256$1000000$7STUcTaHg4VBZklfzeoklb$2qsPWkXVLidyeQU1ns748LFSRsqX3beGKulqtsHbvug=	\N	f	MASKURI DINESH		f	t	2025-05-28 12:16:04.467688+05:30	\N	505522423054	t	505522423054
46	pbkdf2_sha256$1000000$9z1DGB35N7xHbziQDucDeG$hF6Xqvnd/X79zgWvM6FeHbRSqPVijS8/+XKB8LREC3M=	\N	f	THALARI DEVENDER		f	t	2025-05-28 12:16:04.469884+05:30	\N	505522423055	t	505522423055
48	pbkdf2_sha256$1000000$kJdofOc094qgQxyn8MJkoH$Ioi8dxrDFlK1Vxks+CrPoNkd/+o0cNx/FSosssMwSPo=	\N	f	GADDAM SUSHMA		f	t	2025-05-28 12:16:04.473573+05:30	\N	505522423057	t	505522423057
21	pbkdf2_sha256$1000000$Ncd5QxybWuXnsCLXZyiCN0$Ruc2UQc5QFBcXRcIbDY5VIMQWVdzI1XDYm1H4ZdUWpA=	\N	f	LAVISHETTY PRASAD		f	t	2025-05-28 12:16:04.419212+05:30	\N	505522423026	t	505522423026
23	pbkdf2_sha256$1000000$brmUiFdJfN0K0sXazSZAuY$2BoV8+nEcw7HeZ0F5URqKuLuCwhq11K7j0/3VHr4awc=	\N	f	CHETTUKINDI TEJASWINI		f	t	2025-05-28 12:16:04.423979+05:30	\N	505522423028	t	505522423028
25	pbkdf2_sha256$1000000$GlAEN6RCVFal1ob5y4fV1t$AWHYVH5oSvpISrDqClSwUw17qo4kWGWW0jaqqQJhfiw=	\N	f	KALLURI SREENU		f	t	2025-05-28 12:16:04.427644+05:30	\N	505522423030	t	505522423030
27	pbkdf2_sha256$1000000$l33Y2l3me7MAztEImfl6mM$iUusY401J9PJJPZaj4+8iMvvkinQ0tKxPFggqgGMnyo=	\N	f	BABAPPADODDI SWAPNA		f	t	2025-05-28 12:16:04.43116+05:30	\N	505522423032	t	505522423032
30	pbkdf2_sha256$1000000$zwVJok7HQCWfAltnZize6S$Md/BKCXHfh/HgoYawCnYA55gAa3mpDS82Wjk6VHnBvw=	\N	f	SIRMAN SWAPNA		f	t	2025-05-28 12:16:04.438817+05:30	\N	505522423035	t	505522423035
32	pbkdf2_sha256$1000000$BYespRSFT56nsqQntfFRy4$rbcLsn4gFY1QD/BbppHLNmbVHN3T/EQl39lbFX3/BOA=	\N	f	MALOTH MAHESHWARI		f	t	2025-05-28 12:16:04.442777+05:30	\N	505522423037	t	505522423037
34	pbkdf2_sha256$1000000$3ZsjrtmQ00fqSRAKkxl519$NMSoTuLqMX9zzCO0kIUnsP8Q8iZN2j7fvFodlKlHoxo=	\N	f	DARA RAMU		f	t	2025-05-28 12:16:04.446449+05:30	\N	505522423040	t	505522423040
36	pbkdf2_sha256$1000000$Hj491uY1R89pGn2O3oWNir$MW23gonB4mpH0ixWYvNbumyz4V3EchssnhmM4GgjY9Y=	\N	f	MALOTH SHYLAJA		f	t	2025-05-28 12:16:04.451065+05:30	\N	505522423043	t	505522423043
38	pbkdf2_sha256$1000000$eCL1WVTOyUAMHTlmVuH14N$zHNLBkeZ5K+bk3uNDXk8Zzfe+cMhx12TNZKg2PyzCxw=	\N	f	SARANGI AJEETH		f	t	2025-05-28 12:16:04.454875+05:30	\N	505522423046	t	505522423046
40	pbkdf2_sha256$1000000$XcVY6Ytw0t1Na1oGj6l05O$MbIop1lOUtZj426I0zpXuL+TggfxpDoaPx/oNdchZBU=	\N	f	GUGULOTH VANISRI		f	t	2025-05-28 12:16:04.457958+05:30	\N	505522423049	t	505522423049
42	pbkdf2_sha256$1000000$MzCKoZ6cL7AFZutgW7VEr6$R/9EgAK8YFMb64K1n0vNn7HNY7B0ChuSM1NeTE0RdtY=	\N	f	ATHRAM RENUKA		f	t	2025-05-28 12:16:04.461666+05:30	\N	505522423051	t	505522423051
44	pbkdf2_sha256$1000000$Ql6FVZapQqlHzB1P1sYqN9$7UMJ2VQJgwCTRNLjIf3Qz/93vWND0TGC2bOrba9sy7A=	\N	f	MESRAM CHITHRU		f	t	2025-05-28 12:16:04.465109+05:30	\N	505522423053	t	505522423053
47	pbkdf2_sha256$1000000$ks54onFz3RhjZx4ehToXdi$fGrDURuR3YpQbFdE5IyxGEZDUBQrWBDorA1R7Qw4zqQ=	\N	f	JINUGU PRATHYUSHA		f	t	2025-05-28 12:16:04.471556+05:30	\N	505522423056	t	505522423056
49	pbkdf2_sha256$1000000$1Gp6jhIHltmhBIwA5Du613$7thJHoBfSJvt1HjcZ3CuyMUHqwG6AkeRKErKaIe+00g=	\N	f	Venkatesham	Papireddy	t	t	2025-05-29 15:00:48.980086+05:30	accounts@tu.in	\N	f	accounts@tu.in
54	pbkdf2_sha256$1000000$TiSAZyk8vm7f1jDmm0l4sZ$NAMyw4nmRb8XhsAXn9CLveBTTzEXWzad7fzeEDMvHgQ=	\N	t			t	t	2025-06-03 08:10:30.110943+05:30	principal	\N	f	principal
55	pbkdf2_sha256$1000000$3FYf6pjzaMDC6nYKB5iHHu$+f1lis+ngslABMcEspWTCo7ENUoesd5e55Uyz7v7oRc=	\N	f	Principal	Telangana University	t	t	2025-07-04 11:38:55.076147+05:30	principal@tu.in	\N	f	principal@tu.in
\.


--
-- Data for Name: core_user_groups; Type: TABLE DATA; Schema: public; Owner: rocky07
--

COPY public.core_user_groups (id, user_id, group_id) FROM stdin;
\.


--
-- Data for Name: core_user_user_permissions; Type: TABLE DATA; Schema: public; Owner: rocky07
--

COPY public.core_user_user_permissions (id, user_id, permission_id) FROM stdin;
\.


--
-- Data for Name: django_admin_log; Type: TABLE DATA; Schema: public; Owner: rocky07
--

COPY public.django_admin_log (id, action_time, object_id, object_repr, action_flag, change_message, content_type_id, user_id) FROM stdin;
\.


--
-- Data for Name: django_content_type; Type: TABLE DATA; Schema: public; Owner: rocky07
--

COPY public.django_content_type (id, app_label, model) FROM stdin;
1	admin	logentry
2	auth	permission
3	auth	group
4	contenttypes	contenttype
5	sessions	session
6	core	user
7	core	department
8	core	staffprofile
9	core	studentprofile
10	dues	feestructure
12	dues	dues
11	dues	academic
13	dues	hosteldues
14	dues	departmentdue
15	dues	challan
16	dues	otherdue
\.


--
-- Data for Name: django_migrations; Type: TABLE DATA; Schema: public; Owner: rocky07
--

COPY public.django_migrations (id, app, name, applied) FROM stdin;
1	contenttypes	0001_initial	2025-04-10 12:42:40.867348+05:30
2	contenttypes	0002_remove_content_type_name	2025-04-10 12:42:40.872752+05:30
3	auth	0001_initial	2025-04-10 12:42:40.908349+05:30
4	auth	0002_alter_permission_name_max_length	2025-04-10 12:42:40.912245+05:30
5	auth	0003_alter_user_email_max_length	2025-04-10 12:42:40.914336+05:30
6	auth	0004_alter_user_username_opts	2025-04-10 12:42:40.916655+05:30
7	auth	0005_alter_user_last_login_null	2025-04-10 12:42:40.918713+05:30
8	auth	0006_require_contenttypes_0002	2025-04-10 12:42:40.919912+05:30
9	auth	0007_alter_validators_add_error_messages	2025-04-10 12:42:40.922604+05:30
10	auth	0008_alter_user_username_max_length	2025-04-10 12:42:40.92521+05:30
11	auth	0009_alter_user_last_name_max_length	2025-04-10 12:42:40.92948+05:30
12	auth	0010_alter_group_name_max_length	2025-04-10 12:42:40.93374+05:30
13	auth	0011_update_proxy_permissions	2025-04-10 12:42:40.937087+05:30
14	auth	0012_alter_user_first_name_max_length	2025-04-10 12:42:40.940279+05:30
19	sessions	0001_initial	2025-04-10 12:42:41.13527+05:30
20	core	0001_initial	2025-04-10 13:01:39.592774+05:30
21	admin	0001_initial	2025-04-10 13:02:46.634786+05:30
22	admin	0002_logentry_remove_auto_add	2025-04-10 13:02:46.641102+05:30
23	admin	0003_logentry_add_action_flag_choices	2025-04-10 13:02:46.648368+05:30
24	core	0002_user_roll_number	2025-04-10 13:03:56.976445+05:30
25	core	0003_alter_user_options_user_is_student_user_username_and_more	2025-04-10 21:38:09.436582+05:30
30	core	0004_studentprofile_is_hostel_and_more	2025-05-28 09:57:53.452326+05:30
35	dues	0001_initial	2025-05-29 15:24:16.962309+05:30
36	core	0005_alter_staffprofile_department_and_more	2025-05-29 15:39:59.87037+05:30
37	core	0006_staffprofile_designation	2025-05-29 16:02:07.124059+05:30
38	dues	0002_departmentdue_hosteldues	2025-05-30 19:52:28.245238+05:30
39	dues	0003_alter_hosteldues_year_of_study	2025-05-30 19:53:41.361591+05:30
40	dues	0004_challan_delete_departmentdue	2025-06-02 17:14:43.2429+05:30
41	dues	0005_remove_challan_challan_number_alter_challan_amount	2025-06-02 18:34:37.694718+05:30
42	dues	0006_otherdue	2025-06-09 16:13:38.194012+05:30
43	dues	0007_delete_challan	2025-06-10 21:32:10.977417+05:30
\.


--
-- Data for Name: django_session; Type: TABLE DATA; Schema: public; Owner: rocky07
--

COPY public.django_session (session_key, session_data, expire_date) FROM stdin;
\.


--
-- Data for Name: dues_academic; Type: TABLE DATA; Schema: public; Owner: rocky07
--

COPY public.dues_academic (id, paid_by_govt, paid_by_student, payment_status, remarks, student_id, academic_year_label, fee_structure_id) FROM stdin;
17	3	100	Unpaid	\N	9	1	11
1	7000	0	Unpaid	\N	1	1	11
5	7000	0	Unpaid	\N	3	1	11
7	100	40	Unpaid	\N	4	1	11
8	0	10000	Unpaid	\N	4	2	45
4	50	0	Unpaid	\N	2	2	45
3	349	2000	Unpaid	\N	2	1	11
2	0	0	Unpaid	\N	1	2	45
9	0	0	Unpaid	\N	5	1	11
10	0	0	Unpaid	\N	5	2	45
11	0	0	Unpaid	\N	6	1	11
12	0	0	Unpaid	\N	6	2	45
13	0	0	Unpaid	\N	7	1	11
14	0	0	Unpaid	\N	7	2	45
15	0	0	Unpaid	\N	8	1	11
16	0	0	Unpaid	\N	8	2	45
18	0	0	Unpaid	\N	9	2	45
19	0	21010	Unpaid	\N	10	1	11
20	0	0	Unpaid	\N	10	2	45
21	0	0	Unpaid	\N	11	1	11
22	0	0	Unpaid	\N	11	2	45
23	0	21010	Unpaid	\N	12	1	11
24	0	0	Unpaid	\N	12	2	45
25	0	0	Unpaid	\N	13	1	11
26	0	0	Unpaid	\N	13	2	45
28	0	0	Unpaid	\N	14	2	45
29	0	0	Unpaid	\N	15	1	11
30	0	0	Unpaid	\N	15	2	45
31	0	0	Unpaid	\N	16	1	11
32	0	0	Unpaid	\N	16	2	45
33	0	0	Unpaid	\N	17	1	11
34	0	0	Unpaid	\N	17	2	45
35	0	0	Unpaid	\N	18	1	11
36	0	0	Unpaid	\N	18	2	45
37	0	0	Unpaid	\N	19	1	11
38	0	0	Unpaid	\N	19	2	45
39	0	0	Unpaid	\N	20	1	11
40	0	0	Unpaid	\N	20	2	45
41	0	0	Unpaid	\N	21	1	11
42	0	0	Unpaid	\N	21	2	45
43	0	0	Unpaid	\N	22	1	11
44	0	0	Unpaid	\N	22	2	45
45	0	0	Unpaid	\N	23	1	11
46	0	0	Unpaid	\N	23	2	45
47	0	0	Unpaid	\N	24	1	11
49	0	0	Unpaid	\N	25	1	11
50	0	0	Unpaid	\N	25	2	45
51	0	0	Unpaid	\N	26	1	11
52	0	0	Unpaid	\N	26	2	45
53	0	0	Unpaid	\N	27	1	11
54	0	0	Unpaid	\N	27	2	45
55	0	0	Unpaid	\N	28	1	11
56	0	0	Unpaid	\N	28	2	45
57	0	0	Unpaid	\N	29	1	11
58	0	0	Unpaid	\N	29	2	45
59	0	0	Unpaid	\N	30	1	11
60	0	0	Unpaid	\N	30	2	45
61	0	0	Unpaid	\N	31	1	11
62	0	0	Unpaid	\N	31	2	45
63	0	0	Unpaid	\N	32	1	11
64	0	0	Unpaid	\N	32	2	45
65	0	0	Unpaid	\N	33	1	11
66	0	0	Unpaid	\N	33	2	45
67	0	21010	Unpaid	\N	34	1	11
68	0	0	Unpaid	\N	34	2	45
70	0	0	Unpaid	\N	35	2	45
71	0	0	Unpaid	\N	36	1	11
72	0	0	Unpaid	\N	36	2	45
73	0	0	Unpaid	\N	37	1	11
74	0	0	Unpaid	\N	37	2	45
75	0	0	Unpaid	\N	38	1	11
76	0	0	Unpaid	\N	38	2	45
77	0	0	Unpaid	\N	39	1	11
78	0	0	Unpaid	\N	39	2	45
79	0	0	Unpaid	\N	40	1	11
80	0	0	Unpaid	\N	40	2	45
81	0	0	Unpaid	\N	41	1	11
82	0	0	Unpaid	\N	41	2	45
83	0	0	Unpaid	\N	42	1	11
84	0	0	Unpaid	\N	42	2	45
85	0	0	Unpaid	\N	43	1	11
86	0	0	Unpaid	\N	43	2	45
87	0	0	Unpaid	\N	44	1	11
88	0	0	Unpaid	\N	44	2	45
89	0	0	Unpaid	\N	45	1	11
91	0	0	Unpaid	\N	46	1	11
92	0	0	Unpaid	\N	46	2	45
93	0	0	Unpaid	\N	47	1	11
94	0	0	Unpaid	\N	47	2	45
95	0	0	Unpaid	\N	48	1	11
96	0	0	Unpaid	\N	48	2	45
146	0	0	Unpaid	\N	2	2	45
147	0	0	Unpaid	\N	3	2	45
148	0	0	Unpaid	\N	4	2	45
149	0	0	Unpaid	\N	5	2	45
150	0	0	Unpaid	\N	6	2	45
151	0	0	Unpaid	\N	7	2	45
152	0	0	Unpaid	\N	8	2	45
153	0	0	Unpaid	\N	9	2	45
154	0	0	Unpaid	\N	10	2	45
155	0	0	Unpaid	\N	11	2	45
156	0	0	Unpaid	\N	12	2	45
157	0	0	Unpaid	\N	13	2	45
158	0	0	Unpaid	\N	14	2	45
159	0	0	Unpaid	\N	15	2	45
160	0	0	Unpaid	\N	16	2	45
161	0	0	Unpaid	\N	17	2	45
162	0	0	Unpaid	\N	18	2	45
163	0	0	Unpaid	\N	19	2	45
164	0	0	Unpaid	\N	20	2	45
118	0	0	Unpaid	\N	22	1	11
166	0	0	Unpaid	\N	22	2	45
167	0	0	Unpaid	\N	23	2	45
168	0	0	Unpaid	\N	24	2	45
169	0	0	Unpaid	\N	25	2	45
170	0	0	Unpaid	\N	26	2	45
171	0	0	Unpaid	\N	27	2	45
172	0	0	Unpaid	\N	28	2	45
173	0	0	Unpaid	\N	29	2	45
174	0	0	Unpaid	\N	30	2	45
175	0	0	Unpaid	\N	31	2	45
176	0	0	Unpaid	\N	32	2	45
177	0	0	Unpaid	\N	33	2	45
178	0	0	Unpaid	\N	34	2	45
179	0	0	Unpaid	\N	35	2	45
180	0	0	Unpaid	\N	36	2	45
181	0	0	Unpaid	\N	37	2	45
182	0	0	Unpaid	\N	38	2	45
183	0	0	Unpaid	\N	39	2	45
184	0	0	Unpaid	\N	40	2	45
185	0	0	Unpaid	\N	41	2	45
139	0	0	Unpaid	\N	43	1	11
187	0	0	Unpaid	\N	43	2	45
188	0	0	Unpaid	\N	44	2	45
189	0	0	Unpaid	\N	45	2	45
190	0	0	Unpaid	\N	46	2	45
191	0	0	Unpaid	\N	47	2	45
97	0	0	Unpaid	\N	1	1	11
98	0	0	Unpaid	\N	2	1	11
99	0	0	Unpaid	\N	3	1	11
100	0	0	Unpaid	\N	4	1	11
101	0	0	Unpaid	\N	5	1	11
102	0	0	Unpaid	\N	6	1	11
103	0	0	Unpaid	\N	7	1	11
104	0	0	Unpaid	\N	8	1	11
105	0	0	Unpaid	\N	9	1	11
106	0	21010	Unpaid	\N	10	1	11
107	0	0	Unpaid	\N	11	1	11
108	0	21010	Unpaid	\N	12	1	11
109	0	0	Unpaid	\N	13	1	11
110	0	0	Unpaid	\N	14	1	11
111	0	0	Unpaid	\N	15	1	11
112	0	0	Unpaid	\N	16	1	11
113	0	0	Unpaid	\N	17	1	11
114	0	0	Unpaid	\N	18	1	11
115	0	0	Unpaid	\N	19	1	11
116	0	0	Unpaid	\N	20	1	11
117	0	0	Unpaid	\N	21	1	11
119	0	0	Unpaid	\N	23	1	11
120	0	0	Unpaid	\N	24	1	11
121	0	0	Unpaid	\N	25	1	11
122	0	0	Unpaid	\N	26	1	11
123	0	0	Unpaid	\N	27	1	11
124	0	0	Unpaid	\N	28	1	11
125	0	0	Unpaid	\N	29	1	11
126	0	0	Unpaid	\N	30	1	11
127	0	0	Unpaid	\N	31	1	11
128	0	0	Unpaid	\N	32	1	11
129	0	0	Unpaid	\N	33	1	11
130	0	21010	Unpaid	\N	34	1	11
131	0	0	Unpaid	\N	35	1	11
132	0	0	Unpaid	\N	36	1	11
133	0	0	Unpaid	\N	37	1	11
134	0	0	Unpaid	\N	38	1	11
135	0	0	Unpaid	\N	39	1	11
136	0	0	Unpaid	\N	40	1	11
137	0	0	Unpaid	\N	41	1	11
138	0	0	Unpaid	\N	42	1	11
140	0	0	Unpaid	\N	44	1	11
141	0	0	Unpaid	\N	45	1	11
142	0	0	Unpaid	\N	46	1	11
143	0	0	Unpaid	\N	47	1	11
145	0	0	Unpaid	\N	1	2	45
165	0	0	Unpaid	\N	21	2	45
186	0	0	Unpaid	\N	42	2	45
144	0	0	Unpaid	\N	48	1	11
192	0	0	Unpaid	\N	48	2	45
6	0	0	Unpaid	\N	3	2	45
27	0	0	Unpaid	\N	14	1	11
48	0	0	Unpaid	\N	24	2	45
69	0	0	Unpaid	\N	35	1	11
90	0	0	Unpaid	\N	45	2	45
\.


--
-- Data for Name: dues_feestructure; Type: TABLE DATA; Schema: public; Owner: rocky07
--

COPY public.dues_feestructure (id, course_name, academic_year, category, tuition_fee, special_fee, other_fee, exam_fee) FROM stdin;
1	M.Com. (General)	2022-23	Main Campus	19010	2000	\N	\N
2	M.Com. (General)	2023-24	Main Campus	19010	2000	\N	\N
12	M.Sc. (Applied Statistics)	2022-23	University Main Campus	19500	2000	0	1620
13	M.Sc. (Bio-Technology)	2022-23	University Main Campus	19500	2000	0	3340
14	M.Sc. (Botany)	2022-23	University Main Campus	19500	2000	0	1620
15	M.Sc. (Mathematics)	2022-23	University Main Campus	19500	2000	0	1620
16	M.Sc. (Chemistry - 2 Years Course in specialization with Organic Chemistry)	2022-23	University Main Campus	19500	2000	0	1620
17	M.Sc. (Chemistry - 2 Years with specialization in Pharmaceutical Chemistry)	2022-23	University Main Campus	19500	2000	0	1620
18	M.Sc. (Chemistry - 5 Years Integrated with specialization in Pharmaceutical Chemistry)	2022-23	University Main Campus	19500	2000	0	1620
19	IMBA (Integrated Master of Business Management) (5 Yrs Integrated)	2022-23	University Main Campus	20000	2000	0	4700
20	M.B.A	2022-23	University Main Campus	10000	2000	650	2270
43	M.A. (Telugu Studies)	2023-24	University Main Campus	13010	2000	0	1620
44	M.A. (Urdu)	2023-24	University Main Campus	13010	2000	0	1620
45	M.Com. (e-Commerce)	2023-24	University Main Campus	19010	2000	0	3340
46	M.C.A	2023-24	University Main Campus	12500	2000	650	2220
47	LL.B (3 Years)	2023-24	University Main Campus	12000	2000	0	1670
48	LL.M (2 Years)	2023-24	University Main Campus	12000	2000	0	1670
49	M.A. (History)	2023-24	University South Campus	13010	2000	0	1620
50	M.A. (Political Science)	2023-24	University South Campus	13010	2000	0	1620
51	M.A. (Telugu Studies - Comparative Literature)	2023-24	University South Campus	13010	2000	0	1620
52	M.S.W	2023-24	University South Campus	24010	2000	0	2760
3	M.A. (Applied Economics - 5 Years)	2022-23	University Main Campus	13010	2000	0	1620
4	M.A. (Economics)	2022-23	University Main Campus	13010	2000	0	1620
5	M.A. (English)	2022-23	University Main Campus	13010	2000	0	1620
6	M.A. (Hindi)	2022-23	University Main Campus	13010	2000	0	1620
7	M.A. (Mass Communication)	2022-23	University Main Campus	9910	2000	0	1620
8	M.A. (Public Administration)	2022-23	University Main Campus	13010	2000	0	1620
9	M.A. (Telugu Studies)	2022-23	University Main Campus	13010	2000	0	1620
10	M.A. (Urdu)	2022-23	University Main Campus	13010	2000	0	1620
11	M.Com. (e-Commerce)	2022-23	University Main Campus	19010	2000	0	3340
21	M.C.A	2022-23	University Main Campus	12500	2000	650	2220
22	LL.B (3 Years)	2022-23	University Main Campus	12000	2000	0	1670
23	LL.M (2 Years)	2022-23	University Main Campus	12000	2000	0	1670
24	M.A. (History)	2022-23	University South Campus	13010	2000	0	1620
25	M.A. (Political Science)	2022-23	University South Campus	13010	2000	0	1620
26	M.A. (Telugu Studies - Comparative Literature)	2022-23	University South Campus	13010	2000	0	1620
27	M.S.W	2022-23	University South Campus	24010	2000	0	2760
28	M.Sc. (Applied Statistics)	2023-24	University Main Campus	19500	2000	0	1620
29	M.Sc. (Bio-Technology)	2023-24	University Main Campus	19500	2000	0	3340
30	M.Sc. (Botany)	2023-24	University Main Campus	19500	2000	0	1620
31	M.Sc. (Mathematics)	2023-24	University Main Campus	19500	2000	0	1620
32	M.Sc. (Chemistry - 2 Years Course in specialization with Organic Chemistry)	2023-24	University Main Campus	19500	2000	0	1620
33	M.Sc. (Chemistry - 2 Years with specialization in Pharmaceutical Chemistry)	2023-24	University Main Campus	19500	2000	0	1620
34	M.Sc. (Chemistry - 5 Years Integrated with specialization in Pharmaceutical Chemistry)	2023-24	University Main Campus	19500	2000	0	1620
35	IMBA (Integrated Master of Business Management) (5 Yrs Integrated)	2023-24	University Main Campus	20000	2000	0	4700
36	M.B.A	2023-24	University Main Campus	10000	2000	650	2270
37	M.A. (Applied Economics - 5 Years)	2023-24	University Main Campus	13010	2000	0	1620
38	M.A. (Economics)	2023-24	University Main Campus	13010	2000	0	1620
39	M.A. (English)	2023-24	University Main Campus	13010	2000	0	1620
40	M.A. (Hindi)	2023-24	University Main Campus	13010	2000	0	1620
41	M.A. (Mass Communication)	2023-24	University Main Campus	9910	2000	0	1620
42	M.A. (Public Administration)	2023-24	University Main Campus	13010	2000	0	1620
\.


--
-- Data for Name: dues_hosteldues; Type: TABLE DATA; Schema: public; Owner: rocky07
--

COPY public.dues_hosteldues (id, year_of_study, mess_bill, scholarship, deposit, remarks, student_id) FROM stdin;
196	1	7870	3000	7000	nan	36
140	1	15714	0	8000	well done	3
138	1	19385	0	8000	pay the fee	2
139	2	13949	0	0	what happend ?	2
137	2	13949	10000	0	schoolarship	1
136	1	15714	6000	7000	no schoolarshipi	1
141	2	13949	0	0	nan	3
142	1	15714	0	7000	nan	4
143	2	13949	0	0	nan	4
144	1	17860	0	8000	nan	5
145	2	13949	0	0	nan	5
146	1	16975	0	7000	nan	6
147	2	16381	0	0	nan	6
148	1	17860	0	8000	nan	7
149	2	13949	0	0	nan	7
150	1	17860	0	7000	nan	8
151	2	13949	0	0	nan	8
152	1	13272	0	8000	nan	9
153	2	16381	0	0	nan	9
154	1	14389	0	12000	nan	10
155	2	16381	0	0	nan	10
156	1	14819	0	7000	nan	11
157	2	16381	0	0	nan	11
158	1	15714	0	8000	nan	13
159	2	13949	0	0	nan	13
160	1	15714	0	8000	nan	14
161	2	13949	0	0	nan	14
162	1	15714	0	8000	nan	15
163	2	13949	0	0	nan	15
164	1	4206	0	7000	nan	16
165	2	13949	0	0	nan	16
166	1	15714	0	8000	nan	17
167	2	13949	0	0	nan	17
168	1	16975	0	7000	nan	18
169	2	16381	0	0	nan	18
170	1	15714	0	8000	nan	19
171	2	13949	0	0	nan	19
172	1	15714	0	8000	nan	20
173	2	13949	0	0	nan	20
174	1	16975	0	8000	nan	21
175	2	16381	0	0	nan	21
176	1	15714	0	8000	nan	22
177	2	13949	0	0	nan	22
178	1	15714	0	8000	nan	23
179	2	13949	0	0	nan	23
180	1	15714	0	7000	nan	24
181	2	13949	0	0	nan	24
182	1	16975	0	7000	nan	25
183	2	16381	0	0	nan	25
184	1	15714	0	7000	nan	26
185	2	13949	0	0	nan	26
186	1	15714	0	7000	nan	27
187	2	13949	0	0	nan	27
188	1	15714	0	7000	nan	29
189	2	13949	0	0	nan	29
190	1	15714	0	7000	nan	30
191	2	13949	0	0	nan	30
192	1	15714	0	7000	nan	32
193	2	13949	0	0	nan	32
194	1	15714	0	8000	nan	33
195	2	13949	0	0	nan	33
197	2	1567	0	0	nan	36
198	1	15714	0	8000	nan	39
199	2	13949	0	0	nan	39
200	1	15714	0	7000	nan	40
201	2	13949	0	0	nan	40
202	1	15714	0	7000	nan	41
203	2	13949	0	0	nan	41
204	1	13566	0	7000	nan	42
205	2	13949	0	0	nan	42
206	1	15714	0	7000	nan	47
207	2	13949	0	0	nan	47
208	1	15714	0	8000	nan	48
209	2	13949	0	0	nan	48
210	1	16975	0	7000	nan	31
211	2	16381	0	0	nan	31
212	1	16975	0	12000	nan	34
213	2	16381	0	0	nan	34
214	1	16975	0	8000	nan	35
215	2	16381	0	0	nan	35
216	1	16975	0	8000	nan	37
217	2	16381	0	0	nan	37
218	1	14819	0	7000	nan	43
219	2	16381	0	0	nan	43
220	1	14819	0	7000	nan	44
221	2	16381	0	0	nan	44
222	1	14819	0	7000	nan	45
223	2	16381	0	0	nan	45
224	1	13272	0	7000	nan	46
225	2	16381	0	0	nan	46
\.


--
-- Data for Name: dues_otherdue; Type: TABLE DATA; Schema: public; Owner: rocky07
--

COPY public.dues_otherdue (id, category, amount, remark, created_at, updated_at, created_by_id, student_id) FROM stdin;
1	librarian	500.00	lost the book	2025-06-11 06:51:38.40649+05:30	2025-06-11 06:51:38.406504+05:30	3	6
2	librarian	1500.00	book not returned	2025-06-11 06:56:29.757662+05:30	2025-06-11 06:56:29.757695+05:30	3	5
3	sports_incharge	150.00	lost ball	2025-06-11 06:59:55.066926+05:30	2025-06-11 06:59:55.06695+05:30	5	3
4	librarian	500.00	bok not retuned	2025-06-11 10:27:49.814492+05:30	2025-06-11 10:27:49.814507+05:30	3	43
6	librarian	230.00	not retuned the book	2025-06-16 22:11:16.670338+05:30	2025-06-16 22:11:16.670356+05:30	3	1
7	sports_incharge	20.00	broke the glass	2025-06-16 22:12:31.800997+05:30	2025-06-16 22:12:31.801019+05:30	5	1
\.


--
-- Name: auth_group_id_seq; Type: SEQUENCE SET; Schema: public; Owner: rocky07
--

SELECT pg_catalog.setval('public.auth_group_id_seq', 1, false);


--
-- Name: auth_group_permissions_id_seq; Type: SEQUENCE SET; Schema: public; Owner: rocky07
--

SELECT pg_catalog.setval('public.auth_group_permissions_id_seq', 1, false);


--
-- Name: auth_permission_id_seq; Type: SEQUENCE SET; Schema: public; Owner: rocky07
--

SELECT pg_catalog.setval('public.auth_permission_id_seq', 68, true);


--
-- Name: core_staffprofile_id_seq; Type: SEQUENCE SET; Schema: public; Owner: rocky07
--

SELECT pg_catalog.setval('public.core_staffprofile_id_seq', 6, true);


--
-- Name: core_studentprofile_id_seq; Type: SEQUENCE SET; Schema: public; Owner: rocky07
--

SELECT pg_catalog.setval('public.core_studentprofile_id_seq', 48, true);


--
-- Name: core_user_groups_id_seq; Type: SEQUENCE SET; Schema: public; Owner: rocky07
--

SELECT pg_catalog.setval('public.core_user_groups_id_seq', 1, false);


--
-- Name: core_user_id_seq; Type: SEQUENCE SET; Schema: public; Owner: rocky07
--

SELECT pg_catalog.setval('public.core_user_id_seq', 55, true);


--
-- Name: core_user_user_permissions_id_seq; Type: SEQUENCE SET; Schema: public; Owner: rocky07
--

SELECT pg_catalog.setval('public.core_user_user_permissions_id_seq', 1, false);


--
-- Name: django_admin_log_id_seq; Type: SEQUENCE SET; Schema: public; Owner: rocky07
--

SELECT pg_catalog.setval('public.django_admin_log_id_seq', 1, false);


--
-- Name: django_content_type_id_seq; Type: SEQUENCE SET; Schema: public; Owner: rocky07
--

SELECT pg_catalog.setval('public.django_content_type_id_seq', 16, true);


--
-- Name: django_migrations_id_seq; Type: SEQUENCE SET; Schema: public; Owner: rocky07
--

SELECT pg_catalog.setval('public.django_migrations_id_seq', 43, true);


--
-- Name: dues_academicdues_id_seq; Type: SEQUENCE SET; Schema: public; Owner: rocky07
--

SELECT pg_catalog.setval('public.dues_academicdues_id_seq', 192, true);


--
-- Name: dues_feestructure_id_seq; Type: SEQUENCE SET; Schema: public; Owner: rocky07
--

SELECT pg_catalog.setval('public.dues_feestructure_id_seq', 52, true);


--
-- Name: dues_hosteldues_id_seq; Type: SEQUENCE SET; Schema: public; Owner: rocky07
--

SELECT pg_catalog.setval('public.dues_hosteldues_id_seq', 225, true);


--
-- Name: dues_otherdue_id_seq; Type: SEQUENCE SET; Schema: public; Owner: rocky07
--

SELECT pg_catalog.setval('public.dues_otherdue_id_seq', 7, true);


--
-- Name: auth_group auth_group_name_key; Type: CONSTRAINT; Schema: public; Owner: rocky07
--

ALTER TABLE ONLY public.auth_group
    ADD CONSTRAINT auth_group_name_key UNIQUE (name);


--
-- Name: auth_group_permissions auth_group_permissions_group_id_permission_id_0cd325b0_uniq; Type: CONSTRAINT; Schema: public; Owner: rocky07
--

ALTER TABLE ONLY public.auth_group_permissions
    ADD CONSTRAINT auth_group_permissions_group_id_permission_id_0cd325b0_uniq UNIQUE (group_id, permission_id);


--
-- Name: auth_group_permissions auth_group_permissions_pkey; Type: CONSTRAINT; Schema: public; Owner: rocky07
--

ALTER TABLE ONLY public.auth_group_permissions
    ADD CONSTRAINT auth_group_permissions_pkey PRIMARY KEY (id);


--
-- Name: auth_group auth_group_pkey; Type: CONSTRAINT; Schema: public; Owner: rocky07
--

ALTER TABLE ONLY public.auth_group
    ADD CONSTRAINT auth_group_pkey PRIMARY KEY (id);


--
-- Name: auth_permission auth_permission_content_type_id_codename_01ab375a_uniq; Type: CONSTRAINT; Schema: public; Owner: rocky07
--

ALTER TABLE ONLY public.auth_permission
    ADD CONSTRAINT auth_permission_content_type_id_codename_01ab375a_uniq UNIQUE (content_type_id, codename);


--
-- Name: auth_permission auth_permission_pkey; Type: CONSTRAINT; Schema: public; Owner: rocky07
--

ALTER TABLE ONLY public.auth_permission
    ADD CONSTRAINT auth_permission_pkey PRIMARY KEY (id);


--
-- Name: core_staffprofile core_staffprofile_pkey; Type: CONSTRAINT; Schema: public; Owner: rocky07
--

ALTER TABLE ONLY public.core_staffprofile
    ADD CONSTRAINT core_staffprofile_pkey PRIMARY KEY (id);


--
-- Name: core_staffprofile core_staffprofile_user_id_key; Type: CONSTRAINT; Schema: public; Owner: rocky07
--

ALTER TABLE ONLY public.core_staffprofile
    ADD CONSTRAINT core_staffprofile_user_id_key UNIQUE (user_id);


--
-- Name: core_studentprofile core_studentprofile_pkey; Type: CONSTRAINT; Schema: public; Owner: rocky07
--

ALTER TABLE ONLY public.core_studentprofile
    ADD CONSTRAINT core_studentprofile_pkey PRIMARY KEY (id);


--
-- Name: core_studentprofile core_studentprofile_roll_number_key; Type: CONSTRAINT; Schema: public; Owner: rocky07
--

ALTER TABLE ONLY public.core_studentprofile
    ADD CONSTRAINT core_studentprofile_roll_number_key UNIQUE (roll_number);


--
-- Name: core_studentprofile core_studentprofile_user_id_key; Type: CONSTRAINT; Schema: public; Owner: rocky07
--

ALTER TABLE ONLY public.core_studentprofile
    ADD CONSTRAINT core_studentprofile_user_id_key UNIQUE (user_id);


--
-- Name: core_user core_user_email_key; Type: CONSTRAINT; Schema: public; Owner: rocky07
--

ALTER TABLE ONLY public.core_user
    ADD CONSTRAINT core_user_email_key UNIQUE (email);


--
-- Name: core_user_groups core_user_groups_pkey; Type: CONSTRAINT; Schema: public; Owner: rocky07
--

ALTER TABLE ONLY public.core_user_groups
    ADD CONSTRAINT core_user_groups_pkey PRIMARY KEY (id);


--
-- Name: core_user_groups core_user_groups_user_id_group_id_c82fcad1_uniq; Type: CONSTRAINT; Schema: public; Owner: rocky07
--

ALTER TABLE ONLY public.core_user_groups
    ADD CONSTRAINT core_user_groups_user_id_group_id_c82fcad1_uniq UNIQUE (user_id, group_id);


--
-- Name: core_user core_user_pkey; Type: CONSTRAINT; Schema: public; Owner: rocky07
--

ALTER TABLE ONLY public.core_user
    ADD CONSTRAINT core_user_pkey PRIMARY KEY (id);


--
-- Name: core_user core_user_roll_number_key; Type: CONSTRAINT; Schema: public; Owner: rocky07
--

ALTER TABLE ONLY public.core_user
    ADD CONSTRAINT core_user_roll_number_key UNIQUE (roll_number);


--
-- Name: core_user_user_permissions core_user_user_permissions_pkey; Type: CONSTRAINT; Schema: public; Owner: rocky07
--

ALTER TABLE ONLY public.core_user_user_permissions
    ADD CONSTRAINT core_user_user_permissions_pkey PRIMARY KEY (id);


--
-- Name: core_user_user_permissions core_user_user_permissions_user_id_permission_id_73ea0daa_uniq; Type: CONSTRAINT; Schema: public; Owner: rocky07
--

ALTER TABLE ONLY public.core_user_user_permissions
    ADD CONSTRAINT core_user_user_permissions_user_id_permission_id_73ea0daa_uniq UNIQUE (user_id, permission_id);


--
-- Name: core_user core_user_username_key; Type: CONSTRAINT; Schema: public; Owner: rocky07
--

ALTER TABLE ONLY public.core_user
    ADD CONSTRAINT core_user_username_key UNIQUE (username);


--
-- Name: django_admin_log django_admin_log_pkey; Type: CONSTRAINT; Schema: public; Owner: rocky07
--

ALTER TABLE ONLY public.django_admin_log
    ADD CONSTRAINT django_admin_log_pkey PRIMARY KEY (id);


--
-- Name: django_content_type django_content_type_app_label_model_76bd3d3b_uniq; Type: CONSTRAINT; Schema: public; Owner: rocky07
--

ALTER TABLE ONLY public.django_content_type
    ADD CONSTRAINT django_content_type_app_label_model_76bd3d3b_uniq UNIQUE (app_label, model);


--
-- Name: django_content_type django_content_type_pkey; Type: CONSTRAINT; Schema: public; Owner: rocky07
--

ALTER TABLE ONLY public.django_content_type
    ADD CONSTRAINT django_content_type_pkey PRIMARY KEY (id);


--
-- Name: django_migrations django_migrations_pkey; Type: CONSTRAINT; Schema: public; Owner: rocky07
--

ALTER TABLE ONLY public.django_migrations
    ADD CONSTRAINT django_migrations_pkey PRIMARY KEY (id);


--
-- Name: django_session django_session_pkey; Type: CONSTRAINT; Schema: public; Owner: rocky07
--

ALTER TABLE ONLY public.django_session
    ADD CONSTRAINT django_session_pkey PRIMARY KEY (session_key);


--
-- Name: dues_academic dues_academicdues_pkey; Type: CONSTRAINT; Schema: public; Owner: rocky07
--

ALTER TABLE ONLY public.dues_academic
    ADD CONSTRAINT dues_academicdues_pkey PRIMARY KEY (id);


--
-- Name: dues_feestructure dues_feestructure_pkey; Type: CONSTRAINT; Schema: public; Owner: rocky07
--

ALTER TABLE ONLY public.dues_feestructure
    ADD CONSTRAINT dues_feestructure_pkey PRIMARY KEY (id);


--
-- Name: dues_hosteldues dues_hosteldues_pkey; Type: CONSTRAINT; Schema: public; Owner: rocky07
--

ALTER TABLE ONLY public.dues_hosteldues
    ADD CONSTRAINT dues_hosteldues_pkey PRIMARY KEY (id);


--
-- Name: dues_hosteldues dues_hosteldues_student_id_year_of_study_3a5ee2a1_uniq; Type: CONSTRAINT; Schema: public; Owner: rocky07
--

ALTER TABLE ONLY public.dues_hosteldues
    ADD CONSTRAINT dues_hosteldues_student_id_year_of_study_3a5ee2a1_uniq UNIQUE (student_id, year_of_study);


--
-- Name: dues_otherdue dues_otherdue_pkey; Type: CONSTRAINT; Schema: public; Owner: rocky07
--

ALTER TABLE ONLY public.dues_otherdue
    ADD CONSTRAINT dues_otherdue_pkey PRIMARY KEY (id);


--
-- Name: dues_otherdue dues_otherdue_student_id_category_375189bd_uniq; Type: CONSTRAINT; Schema: public; Owner: rocky07
--

ALTER TABLE ONLY public.dues_otherdue
    ADD CONSTRAINT dues_otherdue_student_id_category_375189bd_uniq UNIQUE (student_id, category);


--
-- Name: auth_group_name_a6ea08ec_like; Type: INDEX; Schema: public; Owner: rocky07
--

CREATE INDEX auth_group_name_a6ea08ec_like ON public.auth_group USING btree (name varchar_pattern_ops);


--
-- Name: auth_group_permissions_group_id_b120cbf9; Type: INDEX; Schema: public; Owner: rocky07
--

CREATE INDEX auth_group_permissions_group_id_b120cbf9 ON public.auth_group_permissions USING btree (group_id);


--
-- Name: auth_group_permissions_permission_id_84c5c92e; Type: INDEX; Schema: public; Owner: rocky07
--

CREATE INDEX auth_group_permissions_permission_id_84c5c92e ON public.auth_group_permissions USING btree (permission_id);


--
-- Name: auth_permission_content_type_id_2f476e4b; Type: INDEX; Schema: public; Owner: rocky07
--

CREATE INDEX auth_permission_content_type_id_2f476e4b ON public.auth_permission USING btree (content_type_id);


--
-- Name: core_studentprofile_roll_number_5439c69a_like; Type: INDEX; Schema: public; Owner: rocky07
--

CREATE INDEX core_studentprofile_roll_number_5439c69a_like ON public.core_studentprofile USING btree (roll_number varchar_pattern_ops);


--
-- Name: core_user_email_92a71487_like; Type: INDEX; Schema: public; Owner: rocky07
--

CREATE INDEX core_user_email_92a71487_like ON public.core_user USING btree (email varchar_pattern_ops);


--
-- Name: core_user_groups_group_id_fe8c697f; Type: INDEX; Schema: public; Owner: rocky07
--

CREATE INDEX core_user_groups_group_id_fe8c697f ON public.core_user_groups USING btree (group_id);


--
-- Name: core_user_groups_user_id_70b4d9b8; Type: INDEX; Schema: public; Owner: rocky07
--

CREATE INDEX core_user_groups_user_id_70b4d9b8 ON public.core_user_groups USING btree (user_id);


--
-- Name: core_user_roll_number_96c9bac2_like; Type: INDEX; Schema: public; Owner: rocky07
--

CREATE INDEX core_user_roll_number_96c9bac2_like ON public.core_user USING btree (roll_number varchar_pattern_ops);


--
-- Name: core_user_user_permissions_permission_id_35ccf601; Type: INDEX; Schema: public; Owner: rocky07
--

CREATE INDEX core_user_user_permissions_permission_id_35ccf601 ON public.core_user_user_permissions USING btree (permission_id);


--
-- Name: core_user_user_permissions_user_id_085123d3; Type: INDEX; Schema: public; Owner: rocky07
--

CREATE INDEX core_user_user_permissions_user_id_085123d3 ON public.core_user_user_permissions USING btree (user_id);


--
-- Name: core_user_username_36e4f7f7_like; Type: INDEX; Schema: public; Owner: rocky07
--

CREATE INDEX core_user_username_36e4f7f7_like ON public.core_user USING btree (username varchar_pattern_ops);


--
-- Name: django_admin_log_content_type_id_c4bce8eb; Type: INDEX; Schema: public; Owner: rocky07
--

CREATE INDEX django_admin_log_content_type_id_c4bce8eb ON public.django_admin_log USING btree (content_type_id);


--
-- Name: django_admin_log_user_id_c564eba6; Type: INDEX; Schema: public; Owner: rocky07
--

CREATE INDEX django_admin_log_user_id_c564eba6 ON public.django_admin_log USING btree (user_id);


--
-- Name: django_session_expire_date_a5c62663; Type: INDEX; Schema: public; Owner: rocky07
--

CREATE INDEX django_session_expire_date_a5c62663 ON public.django_session USING btree (expire_date);


--
-- Name: django_session_session_key_c0390e0f_like; Type: INDEX; Schema: public; Owner: rocky07
--

CREATE INDEX django_session_session_key_c0390e0f_like ON public.django_session USING btree (session_key varchar_pattern_ops);


--
-- Name: dues_academicdues_fee_structure_id_dba1bfb2; Type: INDEX; Schema: public; Owner: rocky07
--

CREATE INDEX dues_academicdues_fee_structure_id_dba1bfb2 ON public.dues_academic USING btree (fee_structure_id);


--
-- Name: dues_academicdues_student_id_c30fb786; Type: INDEX; Schema: public; Owner: rocky07
--

CREATE INDEX dues_academicdues_student_id_c30fb786 ON public.dues_academic USING btree (student_id);


--
-- Name: dues_hosteldues_student_id_31c46519; Type: INDEX; Schema: public; Owner: rocky07
--

CREATE INDEX dues_hosteldues_student_id_31c46519 ON public.dues_hosteldues USING btree (student_id);


--
-- Name: dues_otherdue_created_by_id_e8e45c05; Type: INDEX; Schema: public; Owner: rocky07
--

CREATE INDEX dues_otherdue_created_by_id_e8e45c05 ON public.dues_otherdue USING btree (created_by_id);


--
-- Name: dues_otherdue_student_id_32bc3dab; Type: INDEX; Schema: public; Owner: rocky07
--

CREATE INDEX dues_otherdue_student_id_32bc3dab ON public.dues_otherdue USING btree (student_id);


--
-- Name: auth_group_permissions auth_group_permissio_permission_id_84c5c92e_fk_auth_perm; Type: FK CONSTRAINT; Schema: public; Owner: rocky07
--

ALTER TABLE ONLY public.auth_group_permissions
    ADD CONSTRAINT auth_group_permissio_permission_id_84c5c92e_fk_auth_perm FOREIGN KEY (permission_id) REFERENCES public.auth_permission(id) DEFERRABLE INITIALLY DEFERRED;


--
-- Name: auth_group_permissions auth_group_permissions_group_id_b120cbf9_fk_auth_group_id; Type: FK CONSTRAINT; Schema: public; Owner: rocky07
--

ALTER TABLE ONLY public.auth_group_permissions
    ADD CONSTRAINT auth_group_permissions_group_id_b120cbf9_fk_auth_group_id FOREIGN KEY (group_id) REFERENCES public.auth_group(id) DEFERRABLE INITIALLY DEFERRED;


--
-- Name: auth_permission auth_permission_content_type_id_2f476e4b_fk_django_co; Type: FK CONSTRAINT; Schema: public; Owner: rocky07
--

ALTER TABLE ONLY public.auth_permission
    ADD CONSTRAINT auth_permission_content_type_id_2f476e4b_fk_django_co FOREIGN KEY (content_type_id) REFERENCES public.django_content_type(id) DEFERRABLE INITIALLY DEFERRED;


--
-- Name: core_staffprofile core_staffprofile_user_id_571ae86a_fk_core_user_id; Type: FK CONSTRAINT; Schema: public; Owner: rocky07
--

ALTER TABLE ONLY public.core_staffprofile
    ADD CONSTRAINT core_staffprofile_user_id_571ae86a_fk_core_user_id FOREIGN KEY (user_id) REFERENCES public.core_user(id) DEFERRABLE INITIALLY DEFERRED;


--
-- Name: core_studentprofile core_studentprofile_user_id_27e015e0_fk_core_user_id; Type: FK CONSTRAINT; Schema: public; Owner: rocky07
--

ALTER TABLE ONLY public.core_studentprofile
    ADD CONSTRAINT core_studentprofile_user_id_27e015e0_fk_core_user_id FOREIGN KEY (user_id) REFERENCES public.core_user(id) DEFERRABLE INITIALLY DEFERRED;


--
-- Name: core_user_groups core_user_groups_group_id_fe8c697f_fk_auth_group_id; Type: FK CONSTRAINT; Schema: public; Owner: rocky07
--

ALTER TABLE ONLY public.core_user_groups
    ADD CONSTRAINT core_user_groups_group_id_fe8c697f_fk_auth_group_id FOREIGN KEY (group_id) REFERENCES public.auth_group(id) DEFERRABLE INITIALLY DEFERRED;


--
-- Name: core_user_groups core_user_groups_user_id_70b4d9b8_fk_core_user_id; Type: FK CONSTRAINT; Schema: public; Owner: rocky07
--

ALTER TABLE ONLY public.core_user_groups
    ADD CONSTRAINT core_user_groups_user_id_70b4d9b8_fk_core_user_id FOREIGN KEY (user_id) REFERENCES public.core_user(id) DEFERRABLE INITIALLY DEFERRED;


--
-- Name: core_user_user_permissions core_user_user_permi_permission_id_35ccf601_fk_auth_perm; Type: FK CONSTRAINT; Schema: public; Owner: rocky07
--

ALTER TABLE ONLY public.core_user_user_permissions
    ADD CONSTRAINT core_user_user_permi_permission_id_35ccf601_fk_auth_perm FOREIGN KEY (permission_id) REFERENCES public.auth_permission(id) DEFERRABLE INITIALLY DEFERRED;


--
-- Name: core_user_user_permissions core_user_user_permissions_user_id_085123d3_fk_core_user_id; Type: FK CONSTRAINT; Schema: public; Owner: rocky07
--

ALTER TABLE ONLY public.core_user_user_permissions
    ADD CONSTRAINT core_user_user_permissions_user_id_085123d3_fk_core_user_id FOREIGN KEY (user_id) REFERENCES public.core_user(id) DEFERRABLE INITIALLY DEFERRED;


--
-- Name: django_admin_log django_admin_log_content_type_id_c4bce8eb_fk_django_co; Type: FK CONSTRAINT; Schema: public; Owner: rocky07
--

ALTER TABLE ONLY public.django_admin_log
    ADD CONSTRAINT django_admin_log_content_type_id_c4bce8eb_fk_django_co FOREIGN KEY (content_type_id) REFERENCES public.django_content_type(id) DEFERRABLE INITIALLY DEFERRED;


--
-- Name: django_admin_log django_admin_log_user_id_c564eba6_fk_core_user_id; Type: FK CONSTRAINT; Schema: public; Owner: rocky07
--

ALTER TABLE ONLY public.django_admin_log
    ADD CONSTRAINT django_admin_log_user_id_c564eba6_fk_core_user_id FOREIGN KEY (user_id) REFERENCES public.core_user(id) DEFERRABLE INITIALLY DEFERRED;


--
-- Name: dues_academic dues_academicdues_fee_structure_id_dba1bfb2_fk_dues_fees; Type: FK CONSTRAINT; Schema: public; Owner: rocky07
--

ALTER TABLE ONLY public.dues_academic
    ADD CONSTRAINT dues_academicdues_fee_structure_id_dba1bfb2_fk_dues_fees FOREIGN KEY (fee_structure_id) REFERENCES public.dues_feestructure(id) DEFERRABLE INITIALLY DEFERRED;


--
-- Name: dues_academic dues_academicdues_student_id_c30fb786_fk_core_studentprofile_id; Type: FK CONSTRAINT; Schema: public; Owner: rocky07
--

ALTER TABLE ONLY public.dues_academic
    ADD CONSTRAINT dues_academicdues_student_id_c30fb786_fk_core_studentprofile_id FOREIGN KEY (student_id) REFERENCES public.core_studentprofile(id) DEFERRABLE INITIALLY DEFERRED;


--
-- Name: dues_hosteldues dues_hosteldues_student_id_31c46519_fk_core_studentprofile_id; Type: FK CONSTRAINT; Schema: public; Owner: rocky07
--

ALTER TABLE ONLY public.dues_hosteldues
    ADD CONSTRAINT dues_hosteldues_student_id_31c46519_fk_core_studentprofile_id FOREIGN KEY (student_id) REFERENCES public.core_studentprofile(id) DEFERRABLE INITIALLY DEFERRED;


--
-- Name: dues_otherdue dues_otherdue_created_by_id_e8e45c05_fk_core_staffprofile_id; Type: FK CONSTRAINT; Schema: public; Owner: rocky07
--

ALTER TABLE ONLY public.dues_otherdue
    ADD CONSTRAINT dues_otherdue_created_by_id_e8e45c05_fk_core_staffprofile_id FOREIGN KEY (created_by_id) REFERENCES public.core_staffprofile(id) DEFERRABLE INITIALLY DEFERRED;


--
-- Name: dues_otherdue dues_otherdue_student_id_32bc3dab_fk_core_studentprofile_id; Type: FK CONSTRAINT; Schema: public; Owner: rocky07
--

ALTER TABLE ONLY public.dues_otherdue
    ADD CONSTRAINT dues_otherdue_student_id_32bc3dab_fk_core_studentprofile_id FOREIGN KEY (student_id) REFERENCES public.core_studentprofile(id) DEFERRABLE INITIALLY DEFERRED;


--
-- PostgreSQL database dump complete
--

